{"stats":{"minecraft:custom":{"minecraft:jump":31,"minecraft:time_since_rest":23768,"minecraft:leave_game":1,"minecraft:crouch_one_cm":9,"minecraft:damage_dealt":995,"minecraft:sprint_one_cm":5328,"minecraft:play_time":23768,"minecraft:walk_on_water_one_cm":1828,"minecraft:time_since_death":23768,"minecraft:walk_one_cm":6262,"minecraft:sneak_time":346,"minecraft:total_world_time":23768,"minecraft:walk_under_water_one_cm":22819,"minecraft:mob_kills":2,"minecraft:fly_one_cm":312645},"minecraft:picked_up":{"upgrade_aquatic:thrasher_tooth":2},"minecraft:used":{"minecraft:trident":1,"minecraft:diamond_sword":16,"upgrade_aquatic:thrasher_spawn_egg":6,"minecraft:grass_block":3},"minecraft:killed":{"upgrade_aquatic:thrasher":2}},"DataVersion":2975}