{"stats":{"minecraft:custom":{"minecraft:time_since_rest":29704,"minecraft:crouch_one_cm":3345,"minecraft:play_time":29704,"minecraft:sprint_one_cm":10336,"minecraft:damage_taken":50,"minecraft:walk_one_cm":2713,"minecraft:sneak_time":1695,"minecraft:drop":4,"minecraft:jump":46,"minecraft:damage_dealt":10,"minecraft:walk_on_water_one_cm":1416,"minecraft:time_since_death":29704,"minecraft:total_world_time":29704,"minecraft:fly_one_cm":439906},"minecraft:picked_up":{"minecraft:leather_chestplate":2,"minecraft:oak_door":1,"minecraft:apple":1,"minecraft:torch":18,"minecraft:wheat_seeds":1,"minecraft:dandelion":1,"minecraft:oak_pressure_plate":1,"minecraft:potato":1,"minecraft:bell":1,"minecraft:emerald":4,"minecraft:gold_ingot":1,"minecraft:bread":9,"minecraft:poppy":5,"minecraft:oak_sapling":1,"minecraft:oxeye_daisy":1},"minecraft:used":{"minecraft:dirt":51,"minecraft:grass_block":4,"minecraft:bucket":12},"minecraft:dropped":{"minecraft:poppy":1,"minecraft:torch":3}},"DataVersion":2975}