{"stats":{"minecraft:picked_up":{"minecraft:bone":1},"minecraft:used":{"voltystudios_dedsafio:espada_belica":2},"minecraft:killed":{"minecraft:skeleton":1},"minecraft:custom":{"minecraft:jump":33,"minecraft:time_since_rest":21201,"minecraft:damage_dealt":210,"minecraft:damage_taken":40,"minecraft:leave_game":3,"minecraft:play_time":21201,"minecraft:sprint_one_cm":2357,"minecraft:time_since_death":21201,"minecraft:walk_on_water_one_cm":36,"minecraft:walk_one_cm":4100,"minecraft:total_world_time":21201,"minecraft:mob_kills":1,"minecraft:fall_one_cm":381,"minecraft:fly_one_cm":34074}},"DataVersion":2975}