{"stats":{"minecraft:killed":{"minecraft:skeleton":1},"minecraft:custom":{"minecraft:jump":57,"minecraft:time_since_rest":25272,"minecraft:damage_dealt":210,"minecraft:damage_taken":40,"minecraft:leave_game":4,"minecraft:play_time":25272,"minecraft:sprint_one_cm":2832,"minecraft:time_since_death":25272,"minecraft:walk_on_water_one_cm":36,"minecraft:walk_one_cm":11651,"minecraft:sneak_time":55,"minecraft:total_world_time":25272,"minecraft:mob_kills":1,"minecraft:fall_one_cm":1008,"minecraft:fly_one_cm":137741},"minecraft:picked_up":{"minecraft:bone":1},"minecraft:used":{"voltystudios_dedsafio:espada_belica":2,"minecraft:sand":3}},"DataVersion":2975}