{"stats":{"minecraft:custom":{"minecraft:time_since_rest":17704,"minecraft:crouch_one_cm":1607,"minecraft:play_time":17704,"minecraft:sprint_one_cm":4639,"minecraft:damage_taken":50,"minecraft:walk_one_cm":1607,"minecraft:sneak_time":961,"minecraft:drop":4,"minecraft:jump":24,"minecraft:damage_dealt":10,"minecraft:walk_on_water_one_cm":1416,"minecraft:time_since_death":17704,"minecraft:total_world_time":17704,"minecraft:fly_one_cm":245808},"minecraft:picked_up":{"minecraft:oak_door":1,"minecraft:apple":1,"minecraft:torch":16,"minecraft:wheat_seeds":1,"minecraft:bell":1,"minecraft:gold_ingot":1,"minecraft:bread":1,"minecraft:poppy":2,"minecraft:oak_sapling":1,"minecraft:oxeye_daisy":1},"minecraft:used":{"minecraft:dirt":51,"minecraft:bucket":3},"minecraft:dropped":{"minecraft:poppy":1,"minecraft:torch":3}},"DataVersion":2975}