{"stats":{"minecraft:custom":{"minecraft:jump":10,"minecraft:time_since_rest":3547,"minecraft:damage_dealt":497,"minecraft:sprint_one_cm":1284,"minecraft:play_time":3547,"minecraft:walk_on_water_one_cm":1708,"minecraft:time_since_death":3547,"minecraft:walk_one_cm":3876,"minecraft:sneak_time":70,"minecraft:total_world_time":3547,"minecraft:walk_under_water_one_cm":22819,"minecraft:mob_kills":1,"minecraft:fly_one_cm":63104},"minecraft:picked_up":{"upgrade_aquatic:thrasher_tooth":1},"minecraft:used":{"minecraft:diamond_sword":8,"upgrade_aquatic:thrasher_spawn_egg":3},"minecraft:killed":{"upgrade_aquatic:thrasher":1}},"DataVersion":2975}