{"stats":{"minecraft:custom":{"minecraft:jump":30,"minecraft:time_since_rest":15547,"minecraft:crouch_one_cm":9,"minecraft:damage_dealt":995,"minecraft:sprint_one_cm":5272,"minecraft:play_time":15547,"minecraft:walk_on_water_one_cm":1708,"minecraft:time_since_death":15547,"minecraft:walk_one_cm":6259,"minecraft:sneak_time":78,"minecraft:total_world_time":15547,"minecraft:walk_under_water_one_cm":22819,"minecraft:mob_kills":2,"minecraft:fly_one_cm":66237},"minecraft:picked_up":{"upgrade_aquatic:thrasher_tooth":2},"minecraft:used":{"minecraft:trident":1,"minecraft:diamond_sword":16,"upgrade_aquatic:thrasher_spawn_egg":6,"minecraft:grass_block":3},"minecraft:killed":{"upgrade_aquatic:thrasher":2}},"DataVersion":2975}