{
  "minecraft:recipes/transportation/acacia_boat": {
    "criteria": {
      "in_water": "2024-08-24 22:42:23 +0000"
    },
    "done": true
  },
  "minecraft:recipes/transportation/oak_boat": {
    "criteria": {
      "in_water": "2024-08-24 22:42:23 +0000"
    },
    "done": true
  },
  "minecraft:recipes/transportation/dark_oak_boat": {
    "criteria": {
      "in_water": "2024-08-24 22:42:23 +0000"
    },
    "done": true
  },
  "minecraft:adventure/root": {
    "criteria": {
      "killed_something": "2024-08-24 22:45:07 +0000"
    },
    "done": true
  },
  "minecraft:recipes/transportation/birch_boat": {
    "criteria": {
      "in_water": "2024-08-24 22:42:23 +0000"
    },
    "done": true
  },
  "upgrade_aquatic:adventure/tooth_fairy": {
    "criteria": {
      "thrasher_tooth": "2024-08-24 22:45:07 +0000"
    },
    "done": true
  },
  "minecraft:adventure/kill_a_mob": {
    "criteria": {
      "upgrade_aquatic:thrasher": "2024-08-24 22:45:07 +0000"
    },
    "done": true
  },
  "minecraft:recipes/transportation/jungle_boat": {
    "criteria": {
      "in_water": "2024-08-24 22:42:23 +0000"
    },
    "done": true
  },
  "minecraft:adventure/kill_all_mobs": {
    "criteria": {
      "upgrade_aquatic:thrasher": "2024-08-24 22:45:07 +0000"
    },
    "done": false
  },
  "minecraft:recipes/transportation/spruce_boat": {
    "criteria": {
      "in_water": "2024-08-24 22:42:23 +0000"
    },
    "done": true
  },
  "minecraft:adventure/adventuring_time": {
    "criteria": {
      "minecraft:river": "2024-08-24 22:43:56 +0000",
      "minecraft:deep_frozen_ocean": "2024-08-24 22:42:23 +0000",
      "minecraft:snowy_beach": "2024-08-24 22:42:18 +0000",
      "minecraft:plains": "2024-08-24 22:44:04 +0000"
    },
    "done": false
  },
  "DataVersion": 2975
}